{"cameraMode":{"drawMode":0,"name":"Shaded","section":"Shading Mode"},"sceneLighting":true,"audioPlay":false,"sceneViewState":{"showFog":true,"showMaterialUpdate":false,"showSkybox":true,"showFlares":true,"showImageEffects":true,"showParticleSystems":true},"in2DMode":false,"pivot":{"x":23.450578689575197,"y":-0.10577797889709473,"z":3.7743499279022219},"rotation":{"x":0.040741462260484698,"y":0.7028471231460571,"z":-0.040263883769512179,"w":0.7091330885887146},"size":11.13655948638916,"orthographic":false}