{"cameraMode":{"drawMode":0,"name":"Shaded","section":"Shading Mode"},"sceneLighting":true,"audioPlay":false,"sceneViewState":{"showFog":true,"showMaterialUpdate":false,"showSkybox":true,"showFlares":true,"showImageEffects":true,"showParticleSystems":true},"in2DMode":false,"pivot":{"x":-6.349071502685547,"y":0.15086066722869874,"z":-7.929747581481934},"rotation":{"x":0.14120672643184663,"y":-0.7073812484741211,"z":0.14774274826049806,"w":0.6767292022705078},"size":1.6430635452270508,"orthographic":false}