{"cameraMode":{"drawMode":0,"name":"Shaded","section":"Shading Mode"},"sceneLighting":false,"audioPlay":false,"sceneViewState":{"showFog":true,"showMaterialUpdate":true,"showSkybox":false,"showFlares":true,"showImageEffects":true,"showParticleSystems":true},"in2DMode":false,"pivot":{"x":-0.1041969433426857,"y":0.053925350308418277,"z":-0.27645567059516909},"rotation":{"x":0.004115635994821787,"y":-0.995614767074585,"z":0.07664372771978378,"w":0.05347946658730507},"size":0.7780458331108093,"orthographic":false}