{"cameraMode":{"drawMode":0,"name":"Shaded","section":"Shading Mode"},"sceneLighting":false,"audioPlay":false,"sceneViewState":{"showFog":true,"showMaterialUpdate":true,"showSkybox":false,"showFlares":true,"showImageEffects":true,"showParticleSystems":true},"in2DMode":false,"pivot":{"x":-6.7624006271362309,"y":1.189774513244629,"z":-8.628743171691895},"rotation":{"x":0.11403525620698929,"y":-0.7111796140670776,"z":0.11865939199924469,"w":0.6834760308265686},"size":0.5697219967842102,"orthographic":false}