{"cameraMode":{"drawMode":0,"name":"Shaded","section":"Shading Mode"},"sceneLighting":false,"audioPlay":false,"sceneViewState":{"showFog":true,"showMaterialUpdate":true,"showSkybox":false,"showFlares":true,"showImageEffects":true,"showParticleSystems":true},"in2DMode":false,"pivot":{"x":-6.4451398849487309,"y":1.096595048904419,"z":-8.263067245483399},"rotation":{"x":-0.013880829326808453,"y":0.9475541114807129,"z":-0.04154972359538078,"w":-0.31657880544662478},"size":0.2726391553878784,"orthographic":false}