{"cameraMode":{"drawMode":0,"name":"Shaded","section":"Shading Mode"},"sceneLighting":false,"audioPlay":false,"sceneViewState":{"showFog":true,"showMaterialUpdate":true,"showSkybox":false,"showFlares":true,"showImageEffects":true,"showParticleSystems":true},"in2DMode":false,"pivot":{"x":-6.563053607940674,"y":1.262685775756836,"z":-8.258453369140625},"rotation":{"x":0.5265135169029236,"y":0.3106427788734436,"z":-0.21472765505313874,"w":0.7616932988166809},"size":0.02150702476501465,"orthographic":false}