{"cameraMode":{"drawMode":0,"name":"Shaded","section":"Shading Mode"},"sceneLighting":true,"audioPlay":false,"sceneViewState":{"showFog":true,"showMaterialUpdate":true,"showSkybox":true,"showFlares":true,"showImageEffects":true,"showParticleSystems":true},"in2DMode":false,"pivot":{"x":-0.806138277053833,"y":1.7988637685775757,"z":-1.7703818082809449},"rotation":{"x":0.11806950718164444,"y":0.7879263162612915,"z":-0.15959712862968446,"w":0.5828898549079895},"size":3.8813860416412355,"orthographic":false}