{"cameraMode":{"drawMode":0,"name":"Shaded","section":"Shading Mode"},"sceneLighting":false,"audioPlay":false,"sceneViewState":{"showFog":true,"showMaterialUpdate":true,"showSkybox":false,"showFlares":true,"showImageEffects":true,"showParticleSystems":true},"in2DMode":false,"pivot":{"x":-0.0010209213942289353,"y":0.07155810296535492,"z":-0.22356612980365754},"rotation":{"x":0.007981686852872372,"y":0.9579233527183533,"z":-0.28566238284111025,"w":0.026762528344988824},"size":0.3453562259674072,"orthographic":false}