{"cameraMode":{"drawMode":0,"name":"Shaded","section":"Shading Mode"},"sceneLighting":false,"audioPlay":false,"sceneViewState":{"showFog":true,"showMaterialUpdate":true,"showSkybox":false,"showFlares":true,"showImageEffects":true,"showParticleSystems":true},"in2DMode":false,"pivot":{"x":-6.827759742736816,"y":1.12594735622406,"z":-8.3912353515625},"rotation":{"x":-0.14340749382972718,"y":0.7565504908561707,"z":-0.1769997626543045,"w":-0.6129737496376038},"size":0.515450656414032,"orthographic":false}