{"cameraMode":{"drawMode":0,"name":"Shaded","section":"Shading Mode"},"sceneLighting":false,"audioPlay":false,"sceneViewState":{"showFog":true,"showMaterialUpdate":true,"showSkybox":false,"showFlares":true,"showImageEffects":true,"showParticleSystems":true},"in2DMode":false,"pivot":{"x":-6.829466342926025,"y":1.124643087387085,"z":-8.388202667236329},"rotation":{"x":0.052325617522001269,"y":-0.741200864315033,"z":0.05817414075136185,"w":0.6667076945304871},"size":0.5197062492370606,"orthographic":false}