{"cameraMode":{"drawMode":0,"name":"Shaded","section":"Shading Mode"},"sceneLighting":false,"audioPlay":false,"sceneViewState":{"showFog":true,"showMaterialUpdate":true,"showSkybox":false,"showFlares":true,"showImageEffects":true,"showParticleSystems":true},"in2DMode":false,"pivot":{"x":-6.4436421394348148,"y":1.0992860794067383,"z":-8.262077331542969},"rotation":{"x":0.24326413869857789,"y":-0.6709569096565247,"z":0.24935591220855714,"w":0.6545693874359131},"size":0.321507066488266,"orthographic":false}